pattern,algo,k,runs,mean_faults,std_faults,mean_fault_rate,mean_ratio_to_OPT
Sequential-20,FIFO,3,1,1000,0.0,1.0,1.1161
Sequential-20,LRU,3,1,1000,0.0,1.0,1.1161
Sequential-20,OPT,3,1,896,0.0,0.896,1.0
Sequential-20,FIFO,4,1,1000,0.0,1.0,1.1848
Sequential-20,LRU,4,1,1000,0.0,1.0,1.1848
Sequential-20,OPT,4,1,844,0.0,0.844,1.0
Sequential-20,FIFO,5,1,1000,0.0,1.0,1.2626
Sequential-20,LRU,5,1,1000,0.0,1.0,1.2626
Sequential-20,OPT,5,1,792,0.0,0.792,1.0
Sequential-20,FIFO,6,1,1000,0.0,1.0,1.3514
Sequential-20,LRU,6,1,1000,0.0,1.0,1.3514
Sequential-20,OPT,6,1,740,0.0,0.74,1.0
Sequential-20,FIFO,7,1,1000,0.0,1.0,1.4535
Sequential-20,LRU,7,1,1000,0.0,1.0,1.4535
Sequential-20,OPT,7,1,688,0.0,0.688,1.0
Sequential-20,FIFO,8,1,1000,0.0,1.0,1.5723
Sequential-20,LRU,8,1,1000,0.0,1.0,1.5723
Sequential-20,OPT,8,1,636,0.0,0.636,1.0
Sequential-20,FIFO,10,1,1000,0.0,1.0,1.8797
Sequential-20,LRU,10,1,1000,0.0,1.0,1.8797
Sequential-20,OPT,10,1,532,0.0,0.532,1.0
Sequential-20,FIFO,12,1,1000,0.0,1.0,2.3364
Sequential-20,LRU,12,1,1000,0.0,1.0,2.3364
Sequential-20,OPT,12,1,428,0.0,0.428,1.0
Loop-8,FIFO,3,1,1000,0.0,1.0,1.3966
Loop-8,LRU,3,1,1000,0.0,1.0,1.3966
Loop-8,OPT,3,1,716,0.0,0.716,1.0
Loop-8,FIFO,4,1,1000,0.0,1.0,1.7422
Loop-8,LRU,4,1,1000,0.0,1.0,1.7422
Loop-8,OPT,4,1,574,0.0,0.574,1.0
Loop-8,FIFO,5,1,1000,0.0,1.0,2.3148
Loop-8,LRU,5,1,1000,0.0,1.0,2.3148
Loop-8,OPT,5,1,432,0.0,0.432,1.0
Loop-8,FIFO,6,1,1000,0.0,1.0,3.4483
Loop-8,LRU,6,1,1000,0.0,1.0,3.4483
Loop-8,OPT,6,1,290,0.0,0.29,1.0
Loop-8,FIFO,7,1,1000,0.0,1.0,6.7114
Loop-8,LRU,7,1,1000,0.0,1.0,6.7114
Loop-8,OPT,7,1,149,0.0,0.149,1.0
Loop-8,FIFO,8,1,8,0.0,0.008,1.0
Loop-8,LRU,8,1,8,0.0,0.008,1.0
Loop-8,OPT,8,1,8,0.0,0.008,1.0
Loop-8,FIFO,10,1,8,0.0,0.008,1.0
Loop-8,LRU,10,1,8,0.0,0.008,1.0
Loop-8,OPT,10,1,8,0.0,0.008,1.0
Loop-8,FIFO,12,1,8,0.0,0.008,1.0
Loop-8,LRU,12,1,8,0.0,0.008,1.0
Loop-8,OPT,12,1,8,0.0,0.008,1.0
Uniform-Random,FIFO,3,30,847.1333,6.7504,0.847133,1.3077
Uniform-Random,LRU,3,30,847.2,6.9501,0.8472,1.3078
Uniform-Random,OPT,3,30,647.8,6.272,0.6478,1.0
Uniform-Random,FIFO,4,30,797,10.2217,0.797,1.4237
Uniform-Random,LRU,4,30,796.9667,8.2021,0.796967,1.4237
Uniform-Random,OPT,4,30,559.8,7.5949,0.5598,1.0
Uniform-Random,FIFO,5,30,747.6333,10.5389,0.747633,1.5325
Uniform-Random,LRU,5,30,747.5333,10.3549,0.747533,1.5322
Uniform-Random,OPT,5,30,487.8667,7.9165,0.487867,1.0
Uniform-Random,FIFO,6,30,700.5,10.9945,0.7005,1.64
Uniform-Random,LRU,6,30,697.5333,10.1361,0.697533,1.6331
Uniform-Random,OPT,6,30,427.1333,7.9383,0.427133,1.0
Uniform-Random,FIFO,7,30,650.1,12.5268,0.6501,1.7376
Uniform-Random,LRU,7,30,647.6,13.8703,0.6476,1.7309
Uniform-Random,OPT,7,30,374.1333,8.0376,0.374133,1.0
Uniform-Random,FIFO,8,30,599.1333,15.5069,0.599133,1.8341
Uniform-Random,LRU,8,30,597.6,14.8964,0.5976,1.8294
Uniform-Random,OPT,8,30,326.6667,8.3018,0.326667,1.0
Uniform-Random,FIFO,10,30,500.0333,15.1099,0.500033,2.0252
Uniform-Random,LRU,10,30,498.3667,16.1853,0.498367,2.0185
Uniform-Random,OPT,10,30,246.9,8.4989,0.2469,1.0
Uniform-Random,FIFO,12,30,397.4667,18.3674,0.397467,2.1891
Uniform-Random,LRU,12,30,401,16.1245,0.401,2.2086
Uniform-Random,OPT,12,30,181.5667,7.3423,0.181567,1.0
Locality-Phases,FIFO,3,30,518.1333,10.9252,0.518133,1.5665
Locality-Phases,LRU,3,30,505.3333,11.2842,0.505333,1.5278
Locality-Phases,OPT,3,30,330.7667,7.5871,0.330767,1.0
Locality-Phases,FIFO,4,30,384.3333,12.3326,0.384333,1.7937
Locality-Phases,LRU,4,30,356.8,12.4385,0.3568,1.6652
Locality-Phases,OPT,4,30,214.2667,8.0427,0.214267,1.0
Locality-Phases,FIFO,5,30,274.3,15.3492,0.2743,1.9734
Locality-Phases,LRU,5,30,226,12.9934,0.226,1.6259
Locality-Phases,OPT,5,30,139,7.6293,0.139,1.0
Locality-Phases,FIFO,6,30,211.4667,13.7483,0.211467,2.0958
Locality-Phases,LRU,6,30,150,10.6318,0.15,1.4866
Locality-Phases,OPT,6,30,100.9,6.3428,0.1009,1.0
Locality-Phases,FIFO,7,30,172.1333,11.5303,0.172133,2.0739
Locality-Phases,LRU,7,30,116.4,9.1749,0.1164,1.4024
Locality-Phases,OPT,7,30,83,5.669,0.083,1.0
Locality-Phases,FIFO,8,30,143.9333,11.2248,0.143933,2.0426
Locality-Phases,LRU,8,30,100.1,9.0453,0.1001,1.4205
Locality-Phases,OPT,8,30,70.4667,5.1511,0.070467,1.0
Locality-Phases,FIFO,10,30,105.2333,10.18,0.105233,1.9806
Locality-Phases,LRU,10,30,82.6667,7.3171,0.082667,1.5558
Locality-Phases,OPT,10,30,53.1333,4.3844,0.053133,1.0
Locality-Phases,FIFO,12,30,80.3667,9.3125,0.080367,1.9522
Locality-Phases,LRU,12,30,68.2333,6.9465,0.068233,1.6575
Locality-Phases,OPT,12,30,41.1667,3.8245,0.041167,1.0
Skewed-80/20,FIFO,3,30,559.6333,22.0727,0.559633,1.5576
Skewed-80/20,LRU,3,30,536.6333,21.1554,0.536633,1.4936
Skewed-80/20,OPT,3,30,359.3,15.1388,0.3593,1.0
Skewed-80/20,FIFO,4,30,456.8333,21.5007,0.456833,1.7988
Skewed-80/20,LRU,4,30,411.8667,23.8237,0.411867,1.6217
Skewed-80/20,OPT,4,30,253.9667,14.1116,0.253967,1.0
Skewed-80/20,FIFO,5,30,381.4,19.2221,0.3814,2.0407
Skewed-80/20,LRU,5,30,313.3667,21.1521,0.313367,1.6767
Skewed-80/20,OPT,5,30,186.9,12.4218,0.1869,1.0
Skewed-80/20,FIFO,6,30,324.1667,20.1974,0.324167,2.1463
Skewed-80/20,LRU,6,30,243.7333,18.9663,0.243733,1.6138
Skewed-80/20,OPT,6,30,151.0333,9.974,0.151033,1.0
Skewed-80/20,FIFO,7,30,279.1667,18.566,0.279167,2.2028
Skewed-80/20,LRU,7,30,199.4667,16.0167,0.199467,1.5739
Skewed-80/20,OPT,7,30,126.7333,8.598,0.126733,1.0
Skewed-80/20,FIFO,8,30,245.5667,17.614,0.245567,2.2612
Skewed-80/20,LRU,8,30,169.9667,14.7075,0.169967,1.5651
Skewed-80/20,OPT,8,30,108.6,7.6816,0.1086,1.0
Skewed-80/20,FIFO,10,30,190.5,15.3483,0.1905,2.3606
Skewed-80/20,LRU,10,30,134.4,11.6044,0.1344,1.6654
Skewed-80/20,OPT,10,30,80.7,6.0581,0.0807,1.0
Skewed-80/20,FIFO,12,30,145,13.3778,0.145,2.377
Skewed-80/20,LRU,12,30,108.1,9.7427,0.1081,1.7721
Skewed-80/20,OPT,12,30,61,4.7561,0.061,1.0
